游戏名称,链接,图片链接
格斗街区,/flash/256090.htm,['//imga1.5054399.com/upload_pic/2026/1/8/4399_17585067303.jpg']
贪吃蛇多人大对决2无敌版,/flash/256024.htm,['//imga5.5054399.com/upload_pic/2025/11/7/4399_16202349354.jpg']
城邦争霸之黑暗帝国,/flash/256977.htm,['//imga3.5054399.com/upload_pic/2025/12/18/4399_14320598724.jpg']
火柴人试炼地11,/flash/255403.htm,['//imga4.5054399.com/upload_pic/2025/10/14/4399_16025837965.jpg']
废墟幸存者,/flash/256414.htm,['//imga5.5054399.com/upload_pic/2025/11/24/4399_16083224709.jpg']
火柴人的历险记,/flash/256247.htm,['//imga3.5054399.com/upload_pic/2025/11/18/4399_10400501085.jpg']
冲出重围,/flash/255733.htm,['//imga4.5054399.com/upload_pic/2025/10/28/4399_10104955485.jpg']
恐怖躲迷藏,/flash/256040.htm,['//imga1.5054399.com/upload_pic/2025/11/8/4399_14052809175.jpg']
魔潮,/flash/255853.htm,['//imga4.5054399.com/upload_pic/2025/10/31/4399_17120600298.jpg']
机甲宇宙战士,/flash/255819.htm,['//imga5.5054399.com/upload_pic/2025/10/30/4399_16424833010.jpg']
从细胞到奇点2,/flash/255102.htm,['//imga3.5054399.com/upload_pic/2025/9/25/4399_16485148443.jpg']
僵尸空间站,/flash/250792.htm,['//imga3.5054399.com/upload_pic/2025/5/21/4399_17145546021.jpg']
规则怪谈合集,/flash/255079.htm,['//imga5.5054399.com/upload_pic/2025/9/24/4399_16512267059.jpg']
升级铁镐吧,/flash/254770.htm,['//imga1.5054399.com/upload_pic/2025/9/11/4399_16121667650.jpg']
地铁摸金行动,/flash/254746.htm,['//imga2.5054399.com/upload_pic/2025/9/10/4399_17121998471.jpg']
狂扁外星人,/flash/254626.htm,['//imga2.5054399.com/upload_pic/2025/9/5/4399_15360708026.jpg']
好妖不挡道,/flash/253143.htm,['//imga4.5054399.com/upload_pic/2025/8/26/4399_14120786903.jpg']
生存大逃亡,/flash/252725.htm,['//imga1.5054399.com/upload_pic/2025/8/7/4399_17151305646.jpg']
单人篮球竞技,/flash/249859.htm,['//imga5.5054399.com/upload_pic/2025/4/10/4399_15543106667.jpg']
沙雕对决2,/flash/252640.htm,['//imga1.5054399.com/upload_pic/2025/8/5/4399_15000087395.jpg']
上吧茶叶蛋,/flash/252344.htm,['//imga5.5054399.com/upload_pic/2025/7/23/4399_16462800750.jpg']
萌萌大冒险,/flash/252199.htm,['//imga5.5054399.com/upload_pic/2025/7/17/4399_16572425013.jpg']
传奇堡垒,/flash/252073.htm,['//imga4.5054399.com/upload_pic/2025/7/14/4399_11301631952.jpg']
百变机甲,/flash/252053.htm,['//imga4.5054399.com/upload_pic/2025/7/11/4399_16572486219.jpg']
双人野外躲猫猫,/flash/251895.htm,['//imga1.5054399.com/upload_pic/2025/7/7/4399_15365393768.jpg']
极品山地车,/flash/251645.htm,['//imga1.5054399.com/upload_pic/2025/6/25/4399_19114952233.jpg']
怪兽大乱斗,/flash/251559.htm,['//imga5.5054399.com/upload_pic/2025/6/23/4399_14571055060.jpg']
蛇蛇宇宙,/flash/251423.htm,['//imga4.5054399.com/upload_pic/2025/6/17/4399_16562580555.jpg']
阿姐鼓2明王咒,/flash/251400.htm,['//imga1.5054399.com/upload_pic/2025/6/16/4399_16594680900.jpg']
阿姐鼓,/flash/251298.htm,['//imga4.5054399.com/upload_pic/2025/6/11/4399_19092104585.jpg']
矮人荣耀之战,/flash/249865.htm,['//imga1.5054399.com/upload_pic/2025/6/14/4399_10305116885.jpg']
热血超能英雄,/flash/251213.htm,['//imga4.5054399.com/upload_pic/2025/6/9/4399_16420831123.jpg']
阴阳锅3阴缘牵,/flash/251172.htm,['//imga3.5054399.com/upload_pic/2025/6/6/4399_16342418961.jpg']
烽火枪战,/flash/251043.htm,['//imga4.5054399.com/upload_pic/2025/5/30/4399_17124502349.jpg']
火柴人试炼地10,/flash/248666.htm,['//imga2.5054399.com/upload_pic/2025/2/27/4399_10240473673.jpg']
这把必过,/flash/250367.htm,['//imga3.5054399.com/upload_pic/2025/4/30/4399_10063960877.jpg']
从细胞到奇点,/flash/249850.htm,['//imga1.5054399.com/upload_pic/2025/4/10/4399_13353062632.jpg']
桃园三结仇,/flash/250233.htm,['//imga4.5054399.com/upload_pic/2025/4/24/4399_17474361814.jpg']
空间站大战机器人,/flash/249699.htm,['//imga5.5054399.com/upload_pic/2025/4/3/4399_11560469772.jpg']
僵尸攻防战,/flash/250140.htm,['//imga1.5054399.com/upload_pic/2025/4/22/4399_15344819801.jpg']
地铁狗突围2,/flash/249976.htm,['//imga2.5054399.com/upload_pic/2025/4/16/4399_13525703603.jpg']
只有一道门2.1,/flash/243372.htm,['//imga3.5054399.com/upload_pic/2024/8/20/4399_16403202878.jpg']
彩虹赛道,/flash/248841.htm,['//imga2.5054399.com/upload_pic/2025/3/5/4399_13492521601.jpg']
幸运塔防,/flash/249769.htm,['//imga5.5054399.com/upload_pic/2025/4/8/4399_14014049019.jpg']
火柴人斩魔传说v1.1,/flash/249690.htm,['//imga1.5054399.com/upload_pic/2025/4/2/4399_19184024003.jpg']
汽车足球赛,/flash/248644.htm,['//imga5.5054399.com/upload_pic/2025/2/26/4399_14523283933.jpg']
超级植物僵尸大战,/flash/249442.htm,['//imga3.5054399.com/upload_pic/2025/3/25/4399_14582817827.jpg']
街头格斗,/flash/249129.htm,['//imga5.5054399.com/upload_pic/2025/3/13/4399_16110136530.jpg']
愤怒的小鸡,/flash/249068.htm,['//imga4.5054399.com/upload_pic/2025/3/12/4399_14025974945.jpg']
领带狂徒,/flash/248909.htm,['//imga5.5054399.com/upload_pic/2025/3/6/4399_19362340403.jpg']
熊熊枪神,/flash/248895.htm,['//imga1.5054399.com/upload_pic/2025/3/6/4399_16402042971.jpg']
纳米世界,/flash/247408.htm,['//imga4.5054399.com/upload_pic/2025/1/9/4399_17280056731.jpg']
暗影格斗双人版,/flash/248819.htm,['//imga5.5054399.com/upload_pic/2025/3/4/4399_15372808663.jpg']
潜行者求生,/flash/247402.htm,['//imga3.5054399.com/upload_pic/2025/1/9/4399_15504400504.jpg']
荒岛求生日记,/flash/247874.htm,['//imga5.5054399.com/upload_pic/2025/1/26/4399_11024520580.jpg']
植物征伐之战,/flash/247811.htm,['//imga2.5054399.com/upload_pic/2025/1/23/4399_14574671857.jpg']
玩梗三国传,/flash/247586.htm,['//imga2.5054399.com/upload_pic/2025/1/16/4399_10462318055.jpg']
超像素生存2,/flash/246627.htm,['//imga3.5054399.com/upload_pic/2025/1/18/4399_14375607609.jpg']
末日前线,/flash/247577.htm,['//imga3.5054399.com/upload_pic/2025/1/15/4399_17162068339.jpg']
城市正义英雄,/flash/247566.htm,['//imga2.5054399.com/upload_pic/2025/1/15/4399_15494215554.jpg']
复仇鲨变异,/flash/247362.htm,['//imga3.5054399.com/upload_pic/2025/1/8/4399_17432775147.jpg']
表情包战争,/flash/247271.htm,['//imga2.5054399.com/upload_pic/2025/1/7/4399_09562674780.jpg']
火柴人迷失之地3,/flash/247218.htm,['//imga4.5054399.com/upload_pic/2025/1/4/4399_15025764947.jpg']
跑酷抓浣熊,/flash/245134.htm,['//imga5.5054399.com/upload_pic/2024/11/1/4399_16304836895.jpg']
猪侠保卫战,/flash/247103.htm,['//imga4.5054399.com/upload_pic/2024/12/31/4399_16551049002.jpg']
民间怪谈档案,/flash/246945.htm,['//imga1.5054399.com/upload_pic/2024/12/26/4399_16442222502.jpg']
蜂巢疫灾,/flash/245989.htm,['//imga5.5054399.com/upload_pic/2024/11/27/4399_17301921483.jpg']
机甲争霸2塔防,/flash/246548.htm,['//imga4.5054399.com/upload_pic/2024/12/13/4399_15532931126.jpg']
冒险者联盟,/flash/246500.htm,['//imga1.5054399.com/upload_pic/2024/12/12/4399_15353724107.jpg']
合金飞船,/flash/246391.htm,['//imga2.5054399.com/upload_pic/2024/12/10/4399_14452005021.jpg']
地牢奇兵,/flash/246218.htm,['//imga4.5054399.com/upload_pic/2024/12/4/4399_17063238840.jpg']
穿回古代当首富,/flash/245857.htm,['//imga3.5054399.com/upload_pic/2024/11/25/4399_11015980878.jpg']
梦中冒险,/flash/245031.htm,['//imga2.5054399.com/upload_pic/2024/10/30/4399_15550385063.jpg']
魔性大冒险,/flash/245749.htm,['//imga5.5054399.com/upload_pic/2024/11/20/4399_15341714684.jpg']
狂奔的弗雷德,/flash/243066.htm,['//imga2.5054399.com/upload_pic/2024/8/7/4399_16274704823.jpg']
反骨代表队,/flash/245517.htm,['//imga3.5054399.com/upload_pic/2024/11/13/4399_11052824790.jpg']
合个文明,/flash/245350.htm,['//imga1.5054399.com/upload_pic/2024/11/7/4399_17070621101.jpg']
生肖格斗,/flash/245015.htm,['//imga1.5054399.com/upload_pic/2024/10/30/4399_14262211933.jpg']
我真有绝招,/flash/244969.htm,['//imga5.5054399.com/upload_pic/2024/10/29/4399_14501140694.jpg']
文明进化,/flash/244853.htm,['//imga4.5054399.com/upload_pic/2024/10/25/4399_13595032007.jpg']
找茬大湿,/flash/244807.htm,['//imga3.5054399.com/upload_pic/2024/10/24/4399_14244205530.jpg']
猛鬼别过来,/flash/244539.htm,['//imga5.5054399.com/upload_pic/2024/10/14/4399_15552726058.jpg']
脑力秀起来,/flash/244518.htm,['//imga4.5054399.com/upload_pic/2024/10/12/4399_16503058844.jpg']
这就是冒险,/flash/244311.htm,['//imga2.5054399.com/upload_pic/2024/9/29/4399_15034003001.jpg']
恐怖规则怪谈,/flash/244043.htm,['//imga4.5054399.com/upload_pic/2024/9/18/4399_17090807078.jpg']
高楼爆破3无敌版H5,/flash/244086.htm,['//imga2.5054399.com/upload_pic/2024/9/19/4399_17503465787.jpg']
火柴人试炼地9,/flash/243899.htm,['//imga5.5054399.com/upload_pic/2024/9/11/4399_16484015432.jpg']
万万没想到,/flash/243784.htm,['//imga5.5054399.com/upload_pic/2024/9/6/4399_11361837132.jpg']
荒岛枪训2,/flash/243746.htm,['//imga2.5054399.com/upload_pic/2024/9/5/4399_11391062240.jpg']
勇者小队,/flash/243640.htm,['//imga1.5054399.com/upload_pic/2024/9/2/4399_11250725372.jpg']
机甲争霸,/flash/243457.htm,['//imga3.5054399.com/upload_pic/2024/8/23/4399_14181220887.jpg']
猎魔师,/flash/243325.htm,['//imga1.5054399.com/upload_pic/2024/8/19/4399_15383438183.jpg']
抖个腿子,/flash/243278.htm,['//imga4.5054399.com/upload_pic/2024/8/16/4399_14363187796.jpg']
火柴人斩魔传说,/flash/243009.htm,['//imga5.5054399.com/upload_pic/2024/8/5/4399_17350356052.jpg']
梦之旅5,/flash/242951.htm,['//imga2.5054399.com/upload_pic/2024/8/2/4399_11121616485.jpg']
叶罗丽彩妆公主,/flash/220335.htm,['//imga1.5054399.com/upload_pic/2024/4/30/4399_11453193822.jpg']
粘液实验室3,/flash/242173.htm,['//imga4.5054399.com/upload_pic/2024/7/2/4399_16490253197.jpg']
只有一道门2,/flash/242643.htm,['//imga4.5054399.com/upload_pic/2024/7/22/4399_10385494590.jpg']
吃不到我吧,/flash/242547.htm,['//imga3.5054399.com/upload_pic/2024/7/17/4399_14524229878.jpg']
摩托越野竞赛,/flash/241406.htm,['//imga2.5054399.com/upload_pic/2024/5/29/4399_11444604678.jpg']
鼹鼠联萌,/flash/242143.htm,['//imga4.5054399.com/upload_pic/2024/7/1/4399_17173573238.jpg']
坦克动荡3,/flash/240708.htm,['//imga4.5054399.com/upload_pic/2024/4/26/4399_15594793939.jpg']
黑子别想跑,/flash/242028.htm,['//imga4.5054399.com/upload_pic/2024/6/26/4399_16134099796.jpg']
史莱姆无双,/flash/241906.htm,['//imga2.5054399.com/upload_pic/2024/6/19/4399_19075043139.jpg']
魔域英雄传说,/flash/241857.htm,['//imga3.5054399.com/upload_pic/2024/6/18/4399_14085320380.jpg']
本宫重生了,/flash/241644.htm,['//imga5.5054399.com/upload_pic/2024/6/7/4399_11041319535.jpg']
疯狂的车手,/flash/240448.htm,['//imga4.5054399.com/upload_pic/2024/4/17/4399_16083032245.jpg']
火柴人街头快打,/flash/241094.htm,['//imga5.5054399.com/upload_pic/2024/5/15/4399_10261388006.jpg']
奔腾的富贵号,/flash/241038.htm,['//imga4.5054399.com/upload_pic/2024/5/13/4399_14062566726.jpg']
解谜魔法城堡,/flash/240855.htm,['//imga1.5054399.com/upload_pic/2024/5/6/4399_16275517369.jpg']
开局捡把枪,/flash/240792.htm,['//imga3.5054399.com/upload_pic/2024/4/29/4399_16023832178.jpg']
都是人情世故,/flash/240805.htm,['//imga1.5054399.com/upload_pic/2024/4/30/4399_09430391093.jpg']
菜狗行不行,/flash/240741.htm,['//imga2.5054399.com/upload_pic/2024/4/28/4399_14302320509.jpg']
猫咪枪手大战僵尸2,/flash/239534.htm,['//imga5.5054399.com/upload_pic/2024/2/26/4399_15314821442.jpg']
萌军出击,/flash/240523.htm,['//imga4.5054399.com/upload_pic/2024/5/23/4399_14134131304.jpg']
小小农园,/flash/240409.htm,['//imga5.5054399.com/upload_pic/2024/4/15/4399_17303971491.jpg']
叶罗丽精灵世界,/flash/240294.htm,['//imga5.5054399.com/upload_pic/2024/4/30/4399_14071656363.jpg']
整活大行家,/flash/240288.htm,['//imga4.5054399.com/upload_pic/2024/4/9/4399_14341288033.jpg']
这波我很秀,/flash/240229.htm,['//imga5.5054399.com/upload_pic/2024/4/7/4399_14080724828.jpg']
双人决斗,/flash/240156.htm,['//imga2.5054399.com/upload_pic/2024/3/30/4399_11191311860.jpg']
老六动脑子呀,/flash/239963.htm,['//imga4.5054399.com/upload_pic/2024/3/20/4399_11461140533.jpg']
鲨鱼吞噬进化,/flash/239948.htm,['//imga4.5054399.com/upload_pic/2025/11/12/4399_17165086869.jpg']
功夫传奇,/flash/239936.htm,['//imga2.5054399.com/upload_pic/2024/3/19/4399_14112671676.jpg']
圣殿熊熊大冒险,/flash/238876.htm,['//imga2.5054399.com/upload_pic/2024/3/19/4399_14385601489.jpg']
火柴人试炼地8,/flash/237189.htm,['//imga5.5054399.com/upload_pic/2023/10/24/4399_14444445621.jpg']
海钓模拟器,/flash/239835.htm,['//imga1.5054399.com/upload_pic/2024/3/13/4399_14271599259.jpg']
我的农村生活,/flash/239192.htm,['//imga3.5054399.com/upload_pic/2024/1/31/4399_15590692905.jpg']
星球文明,/flash/239126.htm,['//imga2.5054399.com/upload_pic/2024/1/29/4399_15103662072.jpg']
隐秘的档案3,/flash/239115.htm,['//imga1.5054399.com/upload_pic/2024/1/27/4399_15243895893.jpg']
隐秘的档案2,/flash/239109.htm,['//imga5.5054399.com/upload_pic/2024/1/27/4399_13570347833.jpg']
整个活吧,/flash/238988.htm,['//imga4.5054399.com/upload_pic/2024/1/22/4399_16384739968.jpg']
梦之旅4,/flash/238925.htm,['//imga1.5054399.com/upload_pic/2024/1/18/4399_16501293106.jpg']
沙雕出击,/flash/238918.htm,['//imga4.5054399.com/upload_pic/2024/1/18/4399_16060666954.jpg']
愤怒老奶奶游巴西,/flash/232395.htm,['//imga1.5054399.com/upload_pic/2023/2/9/4399_14123491470.jpg']
养老模拟器,/flash/238567.htm,['//imga3.5054399.com/upload_pic/2023/12/29/4399_16205841591.jpg']
菜狗大战,/flash/238544.htm,['//imga5.5054399.com/upload_pic/2023/7/7/4399_14213304024.jpg']
卡车模拟驾驶,/flash/238383.htm,['//imga4.5054399.com/upload_pic/2023/12/20/4399_15534430107.jpg']
全民剧本大师,/flash/238331.htm,['//imga2.5054399.com/upload_pic/2023/12/18/4399_15484364468.jpg']
火柴人神器之战4,/flash/238240.htm,['//imga1.5054399.com/upload_pic/2023/12/13/4399_15371836386.jpg']
狂野飙客7,/flash/235751.htm,['//imga2.5054399.com/upload_pic/2023/8/4/4399_14471723760.jpg']
星际合金战士,/flash/237868.htm,['//imga4.5054399.com/upload_pic/2023/11/23/4399_19230465269.jpg']
人生轨迹模拟器,/flash/237772.htm,['//imga3.5054399.com/upload_pic/2023/11/20/4399_17493697091.jpg']
方块人枪战,/flash/237598.htm,['//imga4.5054399.com/upload_pic/2023/11/16/4399_13571504858.jpg']
长生祭,/flash/237465.htm,['//imga1.5054399.com/upload_pic/2023/11/7/4399_17132813678.jpg']
阿拉德勇者,/flash/237451.htm,['//imga2.5054399.com/upload_pic/2023/11/7/4399_13590030892.jpg']
火柴人挑战大赛,/flash/234986.htm,['//imga2.5054399.com/upload_pic/2023/6/26/4399_15033018415.jpg']
荒岛求生3D,/flash/237324.htm,['//imga5.5054399.com/upload_pic/2023/10/31/4399_15212016552.jpg']
不可能的闯关,/flash/237271.htm,['//imga2.5054399.com/upload_pic/2023/10/27/4399_15294961433.jpg']
暴走金箍棒,/flash/237178.htm,['//imga4.5054399.com/upload_pic/2023/10/23/4399_17001396963.jpg']
守墓人,/flash/237103.htm,['//imga4.5054399.com/upload_pic/2023/10/19/4399_15594376470.jpg']
老六别坑了,/flash/237088.htm,['//imga4.5054399.com/upload_pic/2023/10/19/4399_09404975383.jpg']
僵尸兄弟闯密室3,/flash/229945.htm,['//imga1.5054399.com/upload_pic/2022/9/26/4399_16551970013.jpg']
翻转吧剧情,/flash/237069.htm,['//imga5.5054399.com/upload_pic/2023/10/18/4399_15361763884.jpg']
快打僵尸H5,/flash/237030.htm,['//imga1.5054399.com/upload_pic/2023/10/17/4399_11084413312.jpg']
热血街头格斗,/flash/236785.htm,['//imga1.5054399.com/upload_pic/2023/9/27/4399_15251907451.jpg']
英灵骑士,/flash/236669.htm,['//imga5.5054399.com/upload_pic/2023/9/21/4399_17364193588.jpg']
疯狂的逃密者,/flash/233243.htm,['//imga4.5054399.com/upload_pic/2023/3/23/4399_16412252247.jpg']
狗狗模拟器,/flash/236482.htm,['//imga3.5054399.com/upload_pic/2023/9/14/4399_14134693109.jpg']
新极限漂移赛车,/flash/236471.htm,['//imga2.5054399.com/upload_pic/2023/9/13/4399_17005046713.jpg']
全民吃鸡大作战,/flash/236444.htm,['//imga5.5054399.com/upload_pic/2023/9/12/4399_16593656142.jpg']
我养你阿,/flash/236363.htm,['//imga4.5054399.com/upload_pic/2023/9/6/4399_15333067221.jpg']
地下城大冒险,/flash/236355.htm,['//imga1.5054399.com/upload_pic/2023/9/6/4399_10535481199.jpg']
双人旋转赛车H5,/flash/236333.htm,['//imga4.5054399.com/upload_pic/2023/9/5/4399_14553836745.jpg']
点灯2叩门怨,/flash/236325.htm,['//imga1.5054399.com/upload_pic/2023/9/5/4399_14074028432.jpg']
动物吃鸡枪战,/flash/236127.htm,['//imga3.5054399.com/upload_pic/2023/8/24/4399_17154690054.jpg']
勇者茶叶蛋,/flash/235964.htm,['//imga5.5054399.com/upload_pic/2023/8/17/4399_10181502410.jpg']
万邪归正,/flash/235856.htm,['//imga2.5054399.com/upload_pic/2023/8/10/4399_15033216957.jpg']
末日村庄,/flash/235831.htm,['//imga2.5054399.com/upload_pic/2023/8/9/4399_14580792266.jpg']
热血篮球赛2020,/flash/230809.htm,['//imga5.5054399.com/upload_pic/2022/11/10/4399_17085620340.jpg']
戏怨,/flash/235750.htm,['//imga1.5054399.com/upload_pic/2023/8/4/4399_11045892819.jpg']
萌版泡泡堂8,/flash/235691.htm,['//imga2.5054399.com/upload_pic/2023/9/29/4399_11162142551.jpg']
火柴人试炼地7,/flash/230665.htm,['//imga1.5054399.com/upload_pic/2022/11/3/4399_16180385575.jpg']
解谜机械迷城,/flash/235520.htm,['//imga1.5054399.com/upload_pic/2023/7/22/4399_11102325231.jpg']
超能合金战士,/flash/235492.htm,['//imga3.5054399.com/upload_pic/2023/7/20/4399_17195118257.jpg']
梦之旅3,/flash/235426.htm,['//imga2.5054399.com/upload_pic/2023/7/18/4399_11512474460.jpg']
僵尸兄弟闯密室2,/flash/229508.htm,['//imga4.5054399.com/upload_pic/2022/9/26/4399_16055139315.jpg']
隐秘的档案,/flash/235322.htm,['//imga3.5054399.com/upload_pic/2023/7/12/4399_17285811077.jpg']
规则怪谈,/flash/235306.htm,['//imga2.5054399.com/upload_pic/2023/7/12/4399_14412525130.jpg']
王者大对决,/flash/235292.htm,['//imga3.5054399.com/upload_pic/2023/7/12/4399_10115516030.jpg']
神秘之旅,/flash/235238.htm,['//imga4.5054399.com/upload_pic/2023/7/8/4399_10255719179.jpg']
快刀切水果3H5,/flash/235210.htm,['//imga1.5054399.com/upload_pic/2016/2/25/4399_09264656496.jpg']
吃鸡枪战王者,/flash/235169.htm,['//imga5.5054399.com/upload_pic/2023/7/5/4399_14271095926.jpg']
我就是村长,/flash/235096.htm,['//imga2.5054399.com/upload_pic/2024/2/21/4399_10142771104.jpg']
乱世精英,/flash/235073.htm,['//imga4.5054399.com/upload_pic/2023/6/29/4399_19493234436.jpg']
重生英雄,/flash/235064.htm,['//imga5.5054399.com/upload_pic/2023/6/29/4399_15183502808.jpg']
点灯,/flash/235017.htm,['//imga3.5054399.com/upload_pic/2023/6/27/4399_16514681544.jpg']
迷你大乱斗,/flash/234988.htm,['//imga4.5054399.com/upload_pic/2023/6/26/4399_15415547051.jpg']
沙雕对决,/flash/234987.htm,['//imga3.5054399.com/upload_pic/2023/6/26/4399_15164271241.jpg']
一代沙雕,/flash/234863.htm,['//imga4.5054399.com/upload_pic/2023/6/16/4399_11275323312.jpg']
勇闯地下城3.0,/flash/234798.htm,['//imga4.5054399.com/upload_pic/2023/6/13/4399_17593730616.jpg']
迷你吃鸡大乱斗,/flash/234245.htm,['//imga1.5054399.com/upload_pic/2023/5/17/4399_17074005096.jpg']
小鳄鱼爱洗澡H5,/flash/234480.htm,['//imga1.5054399.com/upload_pic/2017/1/24/4399_10181217218.jpg']
二战前线2H5,/flash/234435.htm,['//imga1.5054399.com/upload_pic/2023/5/25/4399_11462988109.jpg']
阴阳锅2同心劫,/flash/234415.htm,['//imga1.5054399.com/upload_pic/2023/5/24/4399_15330615647.jpg']
恐龙机甲战士,/flash/234393.htm,['//imga4.5054399.com/upload_pic/2023/6/5/4399_15285572110.jpg']
地府传说,/flash/234373.htm,['//imga4.5054399.com/upload_pic/2023/5/23/4399_10454767443.jpg']
火柴人格斗进化2,/flash/234301.htm,['//imga2.5054399.com/upload_pic/2023/5/19/4399_16325356460.jpg']
指上士兵战争,/flash/234191.htm,['//imga2.5054399.com/upload_pic/2023/5/16/4399_10482116796.jpg']
传奇枪王,/flash/234152.htm,['//imga3.5054399.com/upload_pic/2023/5/17/4399_15434454923.jpg']
我滴个神啊,/flash/234178.htm,['//imga4.5054399.com/upload_pic/2023/5/15/4399_15350447285.jpg']
纸娃娃大冒险,/flash/234150.htm,['//imga1.5054399.com/upload_pic/2023/5/12/4399_16551255464.jpg']
为了部落,/flash/233903.htm,['//imga4.5054399.com/upload_pic/2023/4/28/4399_14134836214.jpg']
最强狗头,/flash/233890.htm,['//imga1.5054399.com/upload_pic/2023/4/27/4399_16103382128.jpg']
糖豆派对3,/flash/233799.htm,['//imga5.5054399.com/upload_pic/2023/4/25/4399_10155522942.jpg']
我在唐朝打工,/flash/233738.htm,['//imga4.5054399.com/upload_pic/2023/4/21/4399_16370065273.jpg']
僵尸兄弟闯密室,/flash/229943.htm,['//imga4.5054399.com/upload_pic/2022/9/26/4399_16395876844.jpg']
拉罐大作战,/flash/233644.htm,['//imga5.5054399.com/upload_pic/2023/11/17/4399_13451471859.jpg']
沙雕日记,/flash/233636.htm,['//imga2.5054399.com/upload_pic/2023/5/4/4399_15301222712.jpg']
神枪英雄3D,/flash/233588.htm,['//imga4.5054399.com/upload_pic/2023/4/12/4399_14292421308.jpg']
全民羽毛球,/flash/233315.htm,['//imga1.5054399.com/upload_pic/2023/3/28/4399_14025427811.jpg']
魔兽进化论,/flash/233309.htm,['//imga5.5054399.com/upload_pic/2023/3/27/4399_17302999862.jpg']
吃鸡枪王战场,/flash/233253.htm,['//imga4.5054399.com/upload_pic/2023/3/24/4399_19112112398.jpg']
流浪猫求生,/flash/233171.htm,['//imga2.5054399.com/upload_pic/2023/3/20/4399_15430190018.jpg']
这局稳了,/flash/233095.htm,['//imga1.5054399.com/upload_pic/2023/3/16/4399_14442744532.jpg']
这不是冒险,/flash/233071.htm,['//imga2.5054399.com/upload_pic/2023/3/15/4399_15592021430.jpg']
王者足球,/flash/232987.htm,['//imga3.5054399.com/upload_pic/2023/3/11/4399_15120193528.jpg']
汉字谜阵,/flash/232935.htm,['//imga1.5054399.com/upload_pic/2023/3/9/4399_15410902743.jpg']
生老病死H5,/flash/232888.htm,['//imga4.5054399.com/upload_pic/2019/2/12/4399_14282141322.jpg']
仙界幸存者,/flash/232833.htm,['//imga4.5054399.com/upload_pic/2023/3/3/4399_14052571497.jpg']
八零创业的日子,/flash/232781.htm,['//imga2.5054399.com/upload_pic/2023/2/28/4399_19230135758.jpg']
兽人永不为奴,/flash/232717.htm,['//imga3.5054399.com/upload_pic/2023/2/24/4399_17474867063.jpg']
末日特工队,/flash/232609.htm,['//imga5.5054399.com/upload_pic/2023/2/20/4399_15334911157.jpg']
末日之突出重围,/flash/232672.htm,['//imga3.5054399.com/upload_pic/2023/2/22/4399_17455463074.jpg']
我的收纳摊,/flash/232674.htm,['//imga5.5054399.com/upload_pic/2023/2/22/4399_19210072854.jpg']
我是小侦探,/flash/232579.htm,['//imga5.5054399.com/upload_pic/2023/2/17/4399_19232132481.jpg']
黄金矿工双人版H5,/flash/232532.htm,['//imga3.5054399.com/upload_pic/2023/2/15/4399_19272408041.jpg']
突突枪神,/flash/232405.htm,['//imga1.5054399.com/upload_pic/2023/2/9/4399_15502276329.jpg']
扎心了老六,/flash/232356.htm,['//imga2.5054399.com/upload_pic/2023/2/7/4399_16292877873.jpg']
钢铁英雄,/flash/232350.htm,['//imga1.5054399.com/upload_pic/2023/2/7/4399_15271614353.jpg']
无双机甲,/flash/232298.htm,['//imga4.5054399.com/upload_pic/2023/2/3/4399_16345782152.jpg']
粘液实验室2H5,/flash/232149.htm,['//imga5.5054399.com/upload_pic/2023/1/28/4399_17581198929.jpg']
中国象棋残局h5,/flash/232130.htm,['//imga1.5054399.com/upload_pic/2023/1/28/4399_15253008891.jpg']
保护橙子太空计划,/flash/231223.htm,['//imga4.5054399.com/upload_pic/2022/12/1/4399_13541693718.jpg']
愤怒老奶奶游日本,/flash/231229.htm,['//imga5.5054399.com/upload_pic/2022/12/1/4399_14490445220.jpg']
贪吃战车,/flash/232098.htm,['//imga4.5054399.com/upload_pic/2023/1/19/4399_14485271062.jpg']
引魂铃,/flash/232086.htm,['//imga2.5054399.com/upload_pic/2023/1/18/4399_16030516509.jpg']
蚂蚁进化3D,/flash/232058.htm,['//imga4.5054399.com/upload_pic/2023/1/17/4399_19351964069.jpg']
失落的王国2巴比伦的诅咒,/flash/232009.htm,['//imga5.5054399.com/upload_pic/2023/1/16/4399_16015762458.jpg']
变形金刚战记2,/flash/231959.htm,['//imga5.5054399.com/upload_pic/2023/1/12/4399_15192050808.jpg']
山村古宅,/flash/231752.htm,['//imga3.5054399.com/upload_pic/2022/12/28/4399_16034214081.jpg']
爆笑老铁,/flash/231613.htm,['//imga4.5054399.com/upload_pic/2022/12/21/4399_11383825731.jpg']
玩家一败涂地,/flash/231562.htm,['//imga3.5054399.com/upload_pic/2022/12/16/4399_19281307115.jpg']
真香一条街,/flash/231413.htm,['//imga4.5054399.com/upload_pic/2022/12/9/4399_15492444456.jpg']
第七个人偶,/flash/231375.htm,['//imga1.5054399.com/upload_pic/2022/12/7/4399_19155267562.jpg']
火柴人三国,/flash/231372.htm,['//imga3.5054399.com/upload_pic/2023/2/6/4399_17275721214.jpg']
时空传送门,/flash/231241.htm,['//imga2.5054399.com/upload_pic/2022/12/1/4399_16110434655.jpg']
火柴人之战魂,/flash/231195.htm,['//imga1.5054399.com/upload_pic/2022/11/29/4399_16525339222.jpg']
宠物连连看3.1H5,/flash/231124.htm,['//imga5.5054399.com/upload_pic/2022/11/25/4399_16433365193.jpg']
火柴人枪神10,/flash/231118.htm,['//imga4.5054399.com/upload_pic/2022/11/25/4399_16014140297.jpg']
阴阳锅,/flash/231020.htm,['//imga1.5054399.com/upload_pic/2022/11/21/4399_17502646692.jpg']
妖鸡三国,/flash/230953.htm,['//imga4.5054399.com/upload_pic/2022/11/17/4399_16574152748.jpg']
原始人部落,/flash/230924.htm,['//imga5.5054399.com/upload_pic/2022/11/16/4399_16120366157.jpg']
时空幸存者,/flash/230903.htm,['//imga4.5054399.com/upload_pic/2022/11/15/4399_17070403569.jpg']
爆笑老六,/flash/230849.htm,['//imga5.5054399.com/upload_pic/2022/11/12/4399_14464833047.jpg']
塔塔守卫战,/flash/230750.htm,['//imga1.5054399.com/upload_pic/2023/1/10/4399_19372414296.jpg']
叶罗丽魔法公主,/flash/230746.htm,['//imga2.5054399.com/upload_pic/2022/11/8/4399_16035457185.jpg']
火柴人打羽毛球3H5,/flash/230745.htm,['//imga1.5054399.com/upload_pic/2022/11/8/4399_15212737520.jpg']
脑洞大掌柜,/flash/230675.htm,['//imga1.5054399.com/upload_pic/2022/11/3/4399_19383479392.jpg']
小小枪战,/flash/230329.htm,['//imga5.5054399.com/upload_pic/2022/10/18/4399_16254904434.jpg']
真死神VS火影绊,/flash/230326.htm,['//imga2.5054399.com/upload_pic/2026/2/2/4399_17072125526.jpg']
隐秘的原罪8,/flash/230343.htm,['//imga4.5054399.com/upload_pic/2022/10/19/4399_14262864839.jpg']
核平精英,/flash/230298.htm,['//imga4.5054399.com/upload_pic/2022/10/17/4399_15484661096.jpg']
恐龙岛生存,/flash/230237.htm,['//imga3.5054399.com/upload_pic/2022/10/13/4399_16445026701.jpg']
食材大冲关,/flash/230123.htm,['//imga4.5054399.com/upload_pic/2022/10/9/4399_15314993141.jpg']
末日生存笔记,/flash/230062.htm,['//imga3.5054399.com/upload_pic/2022/9/30/4399_14562517523.jpg']
汪了个汪,/flash/229977.htm,['//imga3.5054399.com/upload_pic/2022/9/27/4399_17314288302.jpg']
汉字战争,/flash/229984.htm,['//imga5.5054399.com/upload_pic/2022/9/27/4399_19532930582.jpg']
火柴人无双三国,/flash/229957.htm,['//imga3.5054399.com/upload_pic/2022/9/26/4399_20045158103.jpg']
海鲜大排档,/flash/229812.htm,['//imga3.5054399.com/upload_pic/2022/9/20/4399_16430800067.jpg']
愤怒老奶奶游印度,/flash/227922.htm,['//imga3.5054399.com/upload_pic/2022/6/20/4399_14563989986.jpg']
开个果茶店,/flash/229622.htm,['//imga3.5054399.com/upload_pic/2022/9/9/4399_15134558641.jpg']
僵尸你别拽,/flash/229603.htm,['//imga4.5054399.com/upload_pic/2022/9/8/4399_16595172159.jpg']
队友一败涂地,/flash/229591.htm,['//imga2.5054399.com/upload_pic/2022/9/8/4399_15454327496.jpg']
开个寿司店,/flash/229249.htm,['//imga5.5054399.com/upload_pic/2022/9/26/4399_13534205916.jpg']
密室躲猫猫,/flash/229230.htm,['//imga1.5054399.com/upload_pic/2022/8/22/4399_16053081898.jpg']
灵兽养成物语,/flash/228989.htm,['//imga5.5054399.com/upload_pic/2022/8/10/4399_15531084094.jpg']
陷阱塔防大师,/flash/228952.htm,['//imga3.5054399.com/upload_pic/2022/8/8/4399_19142916333.jpg']
别惹农夫,/flash/228618.htm,['//imga4.5054399.com/upload_pic/2022/7/22/4399_16201108800.jpg']
我怕你个鬼,/flash/228567.htm,['//imga3.5054399.com/upload_pic/2022/7/20/4399_16525591148.jpg']
脑洞人大冒险,/flash/228544.htm,['//imga5.5054399.com/upload_pic/2022/7/19/4399_19115640340.jpg']
我的大排档,/flash/228412.htm,['//imga3.5054399.com/upload_pic/2022/7/13/4399_15384660406.jpg']
动物园大冒险,/flash/228389.htm,['//imga5.5054399.com/upload_pic/2022/7/12/4399_16392232463.jpg']
你家没了,/flash/228267.htm,['//imga3.5054399.com/upload_pic/2022/8/31/4399_17164508386.jpg']
三国梗传,/flash/228263.htm,['//imga4.5054399.com/upload_pic/2022/7/6/4399_15535607954.jpg']
樱花枪战少女,/flash/228229.htm,['//imga5.5054399.com/upload_pic/2022/7/5/4399_14255763719.jpg']
鸡鸭兄弟大冒险2,/flash/228178.htm,['//imga4.5054399.com/upload_pic/2022/7/1/4399_17103233961.jpg']
堆叠大陆,/flash/228090.htm,['//imga1.5054399.com/upload_pic/2022/6/28/4399_15321484056.jpg']
贪吃的苹果蛇,/flash/227718.htm,['//imga4.5054399.com/upload_pic/2022/8/11/4399_09573099408.jpg']
愤怒老奶奶游伦敦,/flash/225178.htm,['//imga4.5054399.com/upload_pic/2022/1/21/4399_16445314081.jpg']
野王峡谷PK,/flash/227598.htm,['//imga4.5054399.com/upload_pic/2022/6/2/4399_15281496669.jpg']
火柴人迷失之地,/flash/227514.htm,['//imga5.5054399.com/upload_pic/2022/5/30/4399_16341107822.jpg']
我的煎饼摊,/flash/227446.htm,['//imga2.5054399.com/upload_pic/2022/5/26/4399_15345424257.jpg']
抖个大包袱,/flash/227304.htm,['//imga5.5054399.com/upload_pic/2022/5/19/4399_19194631659.jpg']
泡泡枪战,/flash/227173.htm,['//imga4.5054399.com/upload_pic/2022/5/12/4399_16411341781.jpg']
求生30天,/flash/227170.htm,['//imga1.5054399.com/upload_pic/2022/5/12/4399_16220162710.jpg']
今天上王者,/flash/227074.htm,['//imga5.5054399.com/upload_pic/2022/5/7/4399_15213405927.jpg']
龙兽争霸4深海狂魔,/flash/226949.htm,['//imga5.5054399.com/upload_pic/2022/4/27/4399_15430683840.jpg']
火柴人试炼地6,/flash/223267.htm,['//imga3.5054399.com/upload_pic/2021/10/22/4399_16070306195.jpg']
地下城战争,/flash/226790.htm,['//imga1.5054399.com/upload_pic/2022/4/20/4399_15532491916.jpg']
西游梗传,/flash/226730.htm,['//imga1.5054399.com/upload_pic/2023/1/18/4399_10082802741.jpg']
小兵战争,/flash/226458.htm,['//imga4.5054399.com/upload_pic/2022/4/2/4399_16373769252.jpg']
大佬请撑住,/flash/226415.htm,['//imga1.5054399.com/upload_pic/2022/3/31/4399_14542638535.jpg']
队长你别浪,/flash/226284.htm,['//imga5.5054399.com/upload_pic/2022/3/28/4399_15363342666.jpg']
茶叶蛋大冒险,/flash/226200.htm,['//imga1.5054399.com/upload_pic/2022/12/23/4399_17470230557.jpg']
糖人终极挑战赛,/flash/226178.htm,['//imga4.5054399.com/upload_pic/2022/3/22/4399_16334164478.jpg']
火柴人暗夜,/flash/226125.htm,['//imga1.5054399.com/upload_pic/2022/3/18/4399_16432919939.jpg']
人生重开指南,/flash/225954.htm,['//imga5.5054399.com/upload_pic/2022/3/10/4399_16160482943.jpg']
废弃实验室,/flash/225950.htm,['//imga1.5054399.com/upload_pic/2022/3/10/4399_15455100726.jpg']
迷你枪神之王,/flash/225818.htm,['//imga4.5054399.com/upload_pic/2022/3/3/4399_15253761950.jpg']
变异基因兽,/flash/225715.htm,['//imga1.5054399.com/upload_pic/2022/2/24/4399_19241223001.jpg']
火柴人神器之战3,/flash/225691.htm,['//imga2.5054399.com/upload_pic/2022/2/24/4399_09511673361.jpg']
洞娘,/flash/225449.htm,['//imga5.5054399.com/upload_pic/2022/2/9/4399_19155867127.jpg']
求生,/flash/225241.htm,['//imga2.5054399.com/upload_pic/2022/1/25/4399_19122143572.jpg']
斗破超人,/flash/225153.htm,['//imga4.5054399.com/upload_pic/2022/1/20/4399_19120492475.jpg']
我不是枪神,/flash/225123.htm,['//imga4.5054399.com/upload_pic/2022/1/19/4399_16365469719.jpg']
王牌飞车大乱斗,/flash/225098.htm,['//imga4.5054399.com/upload_pic/2022/1/27/4399_10205113103.jpg']
海洋生存岛,/flash/225069.htm,['//imga5.5054399.com/upload_pic/2022/1/17/4399_16580105710.jpg']
幻想纹章4.6,/flash/225044.htm,['//imga5.5054399.com/upload_pic/2022/1/19/4399_11374638283.jpg']
绝地枪王之战 ,/flash/225020.htm,['//imga1.5054399.com/upload_pic/2022/1/14/4399_15531738838.jpg']
修真模拟器,/flash/225012.htm,['//imga3.5054399.com/upload_pic/2022/1/14/4399_14492878754.jpg']
糖豆派对2,/flash/225008.htm,['//imga4.5054399.com/upload_pic/2022/1/14/4399_10582154772.jpg']
迷你特种兵,/flash/224967.htm,['//imga3.5054399.com/upload_pic/2022/2/18/4399_10583338690.jpg']
高校诡谈,/flash/224918.htm,['//imga4.5054399.com/upload_pic/2022/1/10/4399_19162107454.jpg']
高能大冒险,/flash/224834.htm,['//imga5.5054399.com/upload_pic/2022/1/6/4399_14062714490.jpg']
王者100刀,/flash/224587.htm,['//imga3.5054399.com/upload_pic/2021/12/28/4399_15540038913.jpg']
超凡卡丁车3D,/flash/224438.htm,['//imga4.5054399.com/upload_pic/2021/12/16/4399_15313894401.jpg']
火柴人激斗英雄H5,/flash/224419.htm,['//imga5.5054399.com/upload_pic/2021/12/15/4399_16225174037.jpg']
防御塔大作战,/flash/224209.htm,['//imga5.5054399.com/upload_pic/2024/11/27/4399_16393430262.jpg']
谁是小丑,/flash/224147.htm,['//imga3.5054399.com/upload_pic/2021/12/3/4399_10003138687.jpg']
龙兽争霸2合体战争,/flash/224105.htm,['//imga1.5054399.com/upload_pic/2021/12/1/4399_14043340466.jpg']
像素枪战,/flash/224089.htm,['//imga5.5054399.com/upload_pic/2021/12/20/4399_19162993253.jpg']
森林冒险王,/flash/224077.htm,['//imga3.5054399.com/upload_pic/2021/11/30/4399_14423511753.jpg']
求生100天,/flash/223865.htm,['//imga1.5054399.com/upload_pic/2021/11/19/4399_14202213081.jpg']
开荒当岛主,/flash/223799.htm,['//imga5.5054399.com/upload_pic/2021/12/4/4399_14525243672.jpg']
火柴人战争3,/flash/223797.htm,['//imga3.5054399.com/upload_pic/2021/11/17/4399_10054537311.jpg']
冰娃与火娃6,/flash/223745.htm,['//imga1.5054399.com/upload_pic/2021/11/17/4399_09480196660.jpg']
幽冥迷案,/flash/223530.htm,['//imga1.5054399.com/upload_pic/2021/11/4/4399_16410781515.jpg']
末世求生日记,/flash/223355.htm,['//imga1.5054399.com/upload_pic/2021/10/27/4399_14454678785.jpg']
机甲战神,/flash/223342.htm,['//imga3.5054399.com/upload_pic/2021/11/16/4399_16551618890.jpg']
枪火地牢,/flash/223265.htm,['//imga1.5054399.com/upload_pic/2021/10/22/4399_15325759785.jpg']
勇士征程,/flash/223243.htm,['//imga4.5054399.com/upload_pic/2021/10/21/4399_19475500041.jpg']
黑金小队,/flash/222803.htm,['//imga4.5054399.com/upload_pic/2021/9/27/4399_17450199785.jpg']
宇宙小子旅行记,/flash/218018.htm,['//imga4.5054399.com/upload_pic/2021/1/26/4399_14544422661.jpg']
西游大作战,/flash/222850.htm,['//imga1.5054399.com/upload_pic/2021/9/29/4399_14160541100.jpg']
最牛火柴人,/flash/222849.htm,['//imga5.5054399.com/upload_pic/2021/9/29/4399_13555648752.jpg']
全能机甲,/flash/222842.htm,['//imga3.5054399.com/upload_pic/2021/11/30/4399_14301580073.jpg']
暗黑战争王,/flash/222756.htm,['//imga2.5054399.com/upload_pic/2021/9/24/4399_16185545948.jpg']
纸片英雄,/flash/222750.htm,['//imga1.5054399.com/upload_pic/2021/9/24/4399_15394976967.jpg']
变身躲猫猫,/flash/222248.htm,['//imga4.5054399.com/upload_pic/2021/8/30/4399_15510123646.jpg']
人生重开模拟器,/flash/222735.htm,['//imga1.5054399.com/upload_pic/2021/9/23/4399_16215646155.jpg']
荒岛求生日记,/flash/222591.htm,['//imga2.5054399.com/upload_pic/2021/9/15/4399_15345912053.jpg']
妖怪别追我,/flash/222158.htm,['//imga4.5054399.com/upload_pic/2021/8/26/4399_14382178717.jpg']
剑刃重生,/flash/222468.htm,['//imga4.5054399.com/upload_pic/2021/9/9/4399_14144609262.jpg']
山村遗宅,/flash/222387.htm,['//imga3.5054399.com/upload_pic/2021/9/6/4399_13580386105.jpg']
乱斗小姐姐,/flash/222260.htm,['//imga1.5054399.com/upload_pic/2021/8/30/4399_17371172075.jpg']
密室逃脱之极限逃脱,/flash/222259.htm,['//imga5.5054399.com/upload_pic/2021/8/30/4399_17071351709.jpg']
石器猎手,/flash/222100.htm,['//imga1.5054399.com/upload_pic/2021/8/23/4399_16193098948.jpg']
怪物工厂3,/flash/222092.htm,['//imga3.5054399.com/upload_pic/2021/8/23/4399_15202896921.jpg']
火柴人冲突,/flash/222089.htm,['//imga5.5054399.com/upload_pic/2021/8/23/4399_15041360559.jpg']
人类进化,/flash/222069.htm,['//imga5.5054399.com/upload_pic/2021/8/20/4399_17260996013.jpg']
火柴人神器之战2H5,/flash/222039.htm,['//imga5.5054399.com/upload_pic/2021/8/19/4399_16211060630.jpg']
怪兽都市,/flash/222029.htm,['//imga5.5054399.com/upload_pic/2021/8/19/4399_15372453809.jpg']
火柴人瞅你咋地,/flash/221887.htm,['//imga3.5054399.com/upload_pic/2021/8/12/4399_15231781143.jpg']
情侣求生欲,/flash/221820.htm,['//imga1.5054399.com/upload_pic/2021/8/10/4399_14252967227.jpg']
直男恋爱攻略,/flash/221736.htm,['//imga2.5054399.com/upload_pic/2021/8/5/4399_17391969748.jpg']
聊天的魅力,/flash/221785.htm,['//imga1.5054399.com/upload_pic/2021/8/9/4399_13433805210.jpg']
三国快打电脑版6,/flash/221700.htm,['//imga1.5054399.com/upload_pic/2021/8/4/4399_17062241126.jpg']
我老婆超凶,/flash/221732.htm,['//imga3.5054399.com/upload_pic/2021/8/5/4399_17072356940.jpg']
黎明之战4,/flash/221693.htm,['//imga4.5054399.com/upload_pic/2021/8/4/4399_14204277997.jpg']
霓虹究极大炮,/flash/254838.htm,['//imga4.5054399.com/upload_pic/2025/9/15/4399_15302054593.jpg']
方块隧道冲刺,/flash/254832.htm,['//imga3.5054399.com/upload_pic/2025/9/15/4399_14252838738.jpg']
生存战争,/flash/258067.htm,['//imga3.5054399.com/upload_pic/2026/2/3/4399_13543862307.jpg']
摩托危险特技,/flash/254244.htm,['//imga5.5054399.com/upload_pic/2025/9/1/4399_15064976317.jpg']
伸缩的外星人,/flash/254799.htm,['//imga5.5054399.com/upload_pic/2025/9/12/4399_16033977780.jpg']
幻想纹章新篇,/flash/258059.htm,['//imga5.5054399.com/upload_pic/2026/2/3/4399_10173605753.jpg']
货车模拟器,/flash/254781.htm,['//imga2.5054399.com/upload_pic/2025/9/11/4399_17351771434.jpg']
魔王来袭,/flash/254735.htm,['//imga1.5054399.com/upload_pic/2025/9/10/4399_15175946361.jpg']
勇闯地下城,/flash/258051.htm,['//imga2.5054399.com/upload_pic/2026/2/2/4399_16064215584.jpg']
小怪兽历险记,/flash/254705.htm,['//imga1.5054399.com/upload_pic/2025/9/9/4399_15515936852.jpg']
超级坦克英雄无敌版,/flash/256768.htm,['//imga4.5054399.com/upload_pic/2025/12/9/4399_16522111677.jpg']
货物归位,/flash/254704.htm,['//imga5.5054399.com/upload_pic/2025/9/9/4399_15530043097.jpg']
飞刀高手,/flash/254703.htm,['//imga4.5054399.com/upload_pic/2025/9/9/4399_15350258013.jpg']
最后的男孩,/flash/257983.htm,['//imga4.5054399.com/upload_pic/2026/1/29/4399_17005335225.jpg']
动物崛起,/flash/257980.htm,['//imga1.5054399.com/upload_pic/2026/1/29/4399_16465756472.jpg']
飞机管理员,/flash/257976.htm,['//imga2.5054399.com/upload_pic/2026/1/29/4399_16232510263.jpg']
未来机甲战争,/flash/257958.htm,['//imga4.5054399.com/upload_pic/2026/1/29/4399_14110166806.jpg']
汽车粉碎僵尸,/flash/254205.htm,['//imga1.5054399.com/upload_pic/2025/8/29/4399_14331271813.jpg']
捕蝇青蛙,/flash/254669.htm,['//imga5.5054399.com/upload_pic/2025/9/8/4399_15031181510.jpg']
疯狂勇士,/flash/257899.htm,['//imga5.5054399.com/upload_pic/2026/1/27/4399_14213833558.jpg']
雷达捕鱼喵,/flash/257897.htm,['//imga3.5054399.com/upload_pic/2026/1/27/4399_11351285536.jpg']
健身房经理,/flash/254573.htm,['//imga4.5054399.com/upload_pic/2025/9/3/4399_17330430277.jpg']
史莱姆向前冲,/flash/254529.htm,['//imga5.5054399.com/upload_pic/2025/9/2/4399_16113885701.jpg']
方块忍者跑酷,/flash/254258.htm,['//imga4.5054399.com/upload_pic/2025/9/1/4399_16535963228.jpg']
异星猎手,/flash/254201.htm,['//imga2.5054399.com/upload_pic/2025/8/29/4399_11505028676.jpg']
丛林霸主塔防,/flash/257851.htm,['//imga2.5054399.com/upload_pic/2026/1/24/4399_14162391641.jpg']
台球撞进洞,/flash/254188.htm,['//imga4.5054399.com/upload_pic/2025/8/28/4399_16462517761.jpg']
尖叫的方块,/flash/254223.htm,['//imga4.5054399.com/upload_pic/2025/8/29/4399_17210711787.jpg']
狂飙摩托,/flash/254168.htm,['//imga4.5054399.com/upload_pic/2025/8/28/4399_14133498044.jpg']
汽车特技挑战,/flash/253134.htm,['//imga5.5054399.com/upload_pic/2025/8/26/4399_11013863841.jpg']
枪击橡胶人,/flash/253070.htm,['//imga1.5054399.com/upload_pic/2025/8/21/4399_16555122787.jpg']
兵团战纪,/flash/257747.htm,['//imga3.5054399.com/upload_pic/2026/1/21/4399_11493146705.jpg']
桥梁建造专家,/flash/254165.htm,['//imga1.5054399.com/upload_pic/2026/1/21/4399_16564064414.jpg']
神秘星球,/flash/253152.htm,['//imga3.5054399.com/upload_pic/2026/1/21/4399_16453118266.jpg']
蚂蚁军团模拟器,/flash/257726.htm,['//imga2.5054399.com/upload_pic/2026/1/20/4399_15370674949.jpg']
象棋大乱斗,/flash/257716.htm,['//imga2.5054399.com/upload_pic/2026/1/20/4399_11375149298.jpg']
猫咪城镇,/flash/253150.htm,['//imga1.5054399.com/upload_pic/2025/8/26/4399_14551567397.jpg']
建造与征服,/flash/253122.htm,['//imga3.5054399.com/upload_pic/2025/8/25/4399_17193449412.jpg']
超级玩家,/flash/257700.htm,['//imga1.5054399.com/upload_pic/2026/1/19/4399_16442529783.jpg']
像素吃鸡,/flash/257686.htm,['//imga2.5054399.com/upload_pic/2026/1/19/4399_14533171548.jpg']
遥控清洁车,/flash/257659.htm,['//imga5.5054399.com/upload_pic/2026/1/16/4399_16374327678.jpg']
武器时代守护无敌版,/flash/256727.htm,['//imga3.5054399.com/upload_pic/2025/12/8/4399_15550330938.jpg']
几何平台转换,/flash/253115.htm,['//imga1.5054399.com/upload_pic/2025/8/25/4399_15323502662.jpg']
僵尸遗迹,/flash/257643.htm,['//imga4.5054399.com/upload_pic/2026/1/16/4399_11122462715.jpg']
恐龙合并战争,/flash/252824.htm,['//imga5.5054399.com/upload_pic/2025/8/12/4399_15140364218.jpg']
重型工程机械,/flash/253083.htm,['//imga4.5054399.com/upload_pic/2026/1/16/4399_15581966298.jpg']
你害怕吗,/flash/257618.htm,['//imga4.5054399.com/upload_pic/2026/1/15/4399_14175928895.jpg']
僵尸城市,/flash/253086.htm,['//imga2.5054399.com/upload_pic/2025/8/22/4399_16441026838.jpg']
警车追逐战3,/flash/253085.htm,['//imga1.5054399.com/upload_pic/2025/8/22/4399_16325505928.jpg']
墨战,/flash/257594.htm,['//imga5.5054399.com/upload_pic/2026/1/14/4399_16541069043.jpg']
晃悠跑酷,/flash/253079.htm,['//imga5.5054399.com/upload_pic/2025/8/21/4399_17521257888.jpg']
猫咪捕猎僵尸,/flash/253077.htm,['//imga3.5054399.com/upload_pic/2025/8/21/4399_17341816685.jpg']
史莱姆小屋,/flash/253046.htm,['//imga2.5054399.com/upload_pic/2025/8/21/4399_10522352304.jpg']
夏日冲浪手,/flash/253039.htm,['//imga5.5054399.com/upload_pic/2025/8/20/4399_17173112179.jpg']
长手攀岩2,/flash/253033.htm,['//imga4.5054399.com/upload_pic/2026/1/12/4399_15441170290.jpg']
极限钓鱼,/flash/253010.htm,['//imga1.5054399.com/upload_pic/2026/1/9/4399_16272396472.jpg']
果冻人大混战,/flash/253032.htm,['//imga3.5054399.com/upload_pic/2025/8/20/4399_16240470295.jpg']
恐龙矿工,/flash/257481.htm,['//imga2.5054399.com/upload_pic/2026/1/9/4399_16192542977.jpg']
消灭僵尸,/flash/257471.htm,['//imga2.5054399.com/upload_pic/2026/1/9/4399_14072562073.jpg']
变异体逃逸,/flash/252889.htm,['//imga5.5054399.com/upload_pic/2026/1/9/4399_16303486571.jpg']
特种车辆司机,/flash/253028.htm,['//imga4.5054399.com/upload_pic/2025/8/20/4399_15473251934.jpg']
宠物战队,/flash/252997.htm,['//imga3.5054399.com/upload_pic/2025/8/19/4399_16390370363.jpg']
僵尸生存试炼,/flash/252651.htm,['//imga2.5054399.com/upload_pic/2025/8/5/4399_16381366533.jpg']
多边形方块填充,/flash/252991.htm,['//imga2.5054399.com/upload_pic/2025/8/19/4399_16120287708.jpg']
黄球弹进洞,/flash/252960.htm,['//imga1.5054399.com/upload_pic/2025/8/18/4399_16051067205.jpg']
火柴人极限摩托,/flash/252878.htm,['//imga4.5054399.com/upload_pic/2025/8/14/4399_11532650036.jpg']
鬼屋魔影,/flash/252724.htm,['//imga5.5054399.com/upload_pic/2025/8/7/4399_16555740412.jpg']
立方射击2048,/flash/257361.htm,['//imga2.5054399.com/upload_pic/2026/1/5/4399_16525987129.jpg']
异形弹射,/flash/252957.htm,['//imga3.5054399.com/upload_pic/2025/8/18/4399_15354717638.jpg']
进化蚁王,/flash/252937.htm,['//imga3.5054399.com/upload_pic/2025/8/15/4399_17330318644.jpg']
僵尸前哨站,/flash/252689.htm,['//imga5.5054399.com/upload_pic/2026/1/4/4399_14023238222.jpg']
恐龙合成对战,/flash/252643.htm,['//imga4.5054399.com/upload_pic/2026/1/4/4399_14043628196.jpg']
部落对垒,/flash/257226.htm,['//imga2.5054399.com/upload_pic/2025/12/29/4399_16415819081.jpg']
漂浮方块,/flash/257222.htm,['//imga3.5054399.com/upload_pic/2025/12/29/4399_16042570343.jpg']
表情球炸裂无敌版,/flash/255984.htm,['//imga5.5054399.com/upload_pic/2025/11/6/4399_16222046235.jpg']
热狗塔防,/flash/252686.htm,['//imga2.5054399.com/upload_pic/2025/12/29/4399_11285536149.jpg']
弹球猎手无敌版,/flash/256097.htm,['//imga3.5054399.com/upload_pic/2025/11/11/4399_16391819225.jpg']
浮空岛跑酷,/flash/252936.htm,['//imga2.5054399.com/upload_pic/2025/8/15/4399_17281453390.jpg']
我的怪谈笔记,/flash/257185.htm,['//imga1.5054399.com/upload_pic/2025/12/26/4399_16042222266.jpg']
重建末日避难所,/flash/257173.htm,['//imga4.5054399.com/upload_pic/2025/12/26/4399_11404397032.jpg']
合成英雄,/flash/252616.htm,['//imga2.5054399.com/upload_pic/2025/8/4/4399_14480613309.jpg']
像素僵尸幸存者,/flash/252558.htm,['//imga4.5054399.com/upload_pic/2025/7/31/4399_17204175201.jpg']
战士传奇格斗,/flash/252647.htm,['//imga3.5054399.com/upload_pic/2025/8/5/4399_15363715964.jpg']
3D卡丁车赛,/flash/252735.htm,['//imga1.5054399.com/upload_pic/2025/8/8/4399_11245661898.jpg']
厨神逆袭,/flash/257128.htm,['//imga4.5054399.com/upload_pic/2025/12/24/4399_14314229549.jpg']
鸡排主理人,/flash/257149.htm,['//imga5.5054399.com/upload_pic/2025/12/25/4399_11305423670.jpg']
狗头守护农场,/flash/257093.htm,['//imga4.5054399.com/upload_pic/2025/12/23/4399_14035744324.jpg']
合并坦克大战,/flash/252649.htm,['//imga5.5054399.com/upload_pic/2025/8/5/4399_16210078651.jpg']
刺客英雄,/flash/252641.htm,['//imga2.5054399.com/upload_pic/2025/8/5/4399_15003317453.jpg']
实时战争,/flash/252635.htm,['//imga1.5054399.com/upload_pic/2025/8/5/4399_14293253273.jpg']
圣诞老人回雪橇,/flash/256735.htm,['//imga1.5054399.com/upload_pic/2025/12/8/4399_17020169736.jpg']
次神光史莱姆,/flash/257050.htm,['//imga1.5054399.com/upload_pic/2025/12/20/4399_13572678173.jpg']
狂奔的恐龙无敌版,/flash/255949.htm,['//imga5.5054399.com/upload_pic/2025/11/5/4399_14523220727.jpg']
像素大战,/flash/252621.htm,['//imga2.5054399.com/upload_pic/2025/8/4/4399_16012211257.jpg']
渔业大亨,/flash/252619.htm,['//imga5.5054399.com/upload_pic/2025/8/4/4399_15402677332.jpg']
木筏生存,/flash/252571.htm,['//imga2.5054399.com/upload_pic/2025/12/19/4399_16263689319.jpg']
暗黑幸存者,/flash/252545.htm,['//imga1.5054399.com/upload_pic/2025/7/31/4399_15372624482.jpg']
矿工战争,/flash/252549.htm,['//imga5.5054399.com/upload_pic/2025/7/31/4399_16020904798.jpg']
帮她变好看,/flash/256980.htm,['//imga1.5054399.com/upload_pic/2025/12/18/4399_13563638123.jpg']
木偶射手,/flash/256961.htm,['//imga2.5054399.com/upload_pic/2025/12/17/4399_16023667449.jpg']
大脑挑战,/flash/256924.htm,['//imga5.5054399.com/upload_pic/2025/12/16/4399_15465098353.jpg']
随音前行,/flash/256947.htm,['//imga3.5054399.com/upload_pic/2025/12/17/4399_14220147034.jpg']
塔防英雄救公主,/flash/256942.htm,['//imga3.5054399.com/upload_pic/2025/12/17/4399_11342911881.jpg']
八抬大轿,/flash/252546.htm,['//imga2.5054399.com/upload_pic/2025/12/18/4399_09574171287.jpg']
办公室冲突,/flash/252528.htm,['//imga4.5054399.com/upload_pic/2025/7/31/4399_11263468434.jpg']
僵尸世界求生,/flash/252542.htm,['//imga3.5054399.com/upload_pic/2025/7/31/4399_15200124642.jpg']
动物枪手,/flash/252513.htm,['//imga4.5054399.com/upload_pic/2025/7/30/4399_16424667956.jpg']
疯狂竞技摩托,/flash/252442.htm,['//imga3.5054399.com/upload_pic/2025/12/15/4399_11545806723.jpg']
无敌骑士,/flash/252530.htm,['//imga1.5054399.com/upload_pic/2025/12/15/4399_09335118291.jpg']
赛博恐龙,/flash/252527.htm,['//imga3.5054399.com/upload_pic/2025/7/31/4399_11100962640.jpg']
武装蛋蛋无敌版,/flash/255885.htm,['//imga1.5054399.com/upload_pic/2025/11/3/4399_15540174509.jpg']
海岛战争,/flash/252518.htm,['//imga4.5054399.com/upload_pic/2025/12/12/4399_11592647742.jpg']
开心理发屋,/flash/256818.htm,['//imga4.5054399.com/upload_pic/2025/12/11/4399_14024170092.jpg']
引爆数字泡泡,/flash/252514.htm,['//imga5.5054399.com/upload_pic/2025/7/30/4399_16522463783.jpg']
女巫大冒险,/flash/252511.htm,['//imga2.5054399.com/upload_pic/2025/7/30/4399_16013513844.jpg']
超级滚球,/flash/252512.htm,['//imga3.5054399.com/upload_pic/2025/7/30/4399_16183650556.jpg']
狙击突击队,/flash/252497.htm,['//imga3.5054399.com/upload_pic/2025/12/10/4399_10451011862.jpg']
荒岛冒险,/flash/252431.htm,['//imga2.5054399.com/upload_pic/2025/7/28/4399_14313738181.jpg']
机甲荣耀,/flash/256708.htm,['//imga4.5054399.com/upload_pic/2025/12/6/4399_11435217715.jpg']
小小骑士团,/flash/252502.htm,['//imga3.5054399.com/upload_pic/2025/12/5/4399_15400834506.jpg']
梦想童话餐厅,/flash/256679.htm,['//imga5.5054399.com/upload_pic/2025/12/5/4399_14471952165.jpg']
僵尸破碎机,/flash/252488.htm,['//imga4.5054399.com/upload_pic/2025/12/5/4399_15431106156.jpg']
小精灵冒险,/flash/252460.htm,['//imga1.5054399.com/upload_pic/2025/7/29/4399_11041705106.jpg']
摔碎人偶无敌版,/flash/256652.htm,['//imga3.5054399.com/upload_pic/2025/12/4/4399_15180249717.jpg']
大卡车吃小汽车9,/flash/252281.htm,['//imga2.5054399.com/upload_pic/2025/7/22/4399_10102732528.jpg']
地震小恐龙2,/flash/256644.htm,['//imga5.5054399.com/upload_pic/2025/12/4/4399_14305285055.jpg']
乡村保卫战,/flash/256634.htm,['//imga5.5054399.com/upload_pic/2025/12/3/4399_16431592996.jpg']
番茄酱王国大冒险,/flash/252472.htm,['//imga3.5054399.com/upload_pic/2025/7/29/4399_15270351612.jpg']
越野摩托车竞赛无敌版,/flash/256602.htm,['//imga3.5054399.com/upload_pic/2025/12/2/4399_17263979909.jpg']
口袋僵尸,/flash/256604.htm,['//imga5.5054399.com/upload_pic/2025/12/2/4399_17394987161.jpg']
守卫尖塔,/flash/252391.htm,['//imga2.5054399.com/upload_pic/2025/7/25/4399_14350949399.jpg']
超酷蜘蛛侠,/flash/252411.htm,['//imga2.5054399.com/upload_pic/2025/7/25/4399_17241998082.jpg']
卡皮巴拉挖矿,/flash/256553.htm,['//imga4.5054399.com/upload_pic/2025/12/1/4399_14081205593.jpg']
挖掘机公司,/flash/252386.htm,['//imga2.5054399.com/upload_pic/2025/7/25/4399_11473622446.jpg']
方块人闯异世界,/flash/252312.htm,['//imga3.5054399.com/upload_pic/2025/7/22/4399_17144327807.jpg']
尼克历险记,/flash/252268.htm,['//imga4.5054399.com/upload_pic/2025/7/21/4399_16435276462.jpg']
货车运输,/flash/252380.htm,['//imga1.5054399.com/upload_pic/2025/7/24/4399_17151848505.jpg']
幽灵突击,/flash/252383.htm,['//imga4.5054399.com/upload_pic/2025/7/24/4399_17415917759.jpg']
坦克大战3D版,/flash/256501.htm,['//imga2.5054399.com/upload_pic/2025/11/27/4399_17094813489.jpg']
冻土求生,/flash/252379.htm,['//imga5.5054399.com/upload_pic/2025/7/24/4399_17090566289.jpg']
维京人弓箭手,/flash/252338.htm,['//imga4.5054399.com/upload_pic/2025/7/23/4399_15570307944.jpg']
纠正错别字,/flash/256431.htm,['//imga2.5054399.com/upload_pic/2025/11/25/4399_15551167447.jpg']
喂饱动物,/flash/252311.htm,['//imga2.5054399.com/upload_pic/2025/11/26/4399_09443219963.jpg']
外国山海经大乱斗,/flash/251700.htm,['//imga1.5054399.com/upload_pic/2025/6/27/4399_17104879231.jpg']
过河大师,/flash/256418.htm,['//imga4.5054399.com/upload_pic/2025/11/24/4399_16431909246.jpg']
公主新衣大变样,/flash/256392.htm,['//imga3.5054399.com/upload_pic/2025/11/22/4399_11255519969.jpg']
起伏的道路,/flash/256377.htm,['//imga3.5054399.com/upload_pic/2025/11/21/4399_16413433523.jpg']
守护萝卜战,/flash/256370.htm,['//imga1.5054399.com/upload_pic/2025/11/21/4399_16042377115.jpg']
僵尸隔离区,/flash/256369.htm,['//imga5.5054399.com/upload_pic/2025/11/24/4399_16210384794.jpg']
警车追逐战2,/flash/252233.htm,['//imga4.5054399.com/upload_pic/2025/11/24/4399_09471955693.jpg']
一刀切两半,/flash/252349.htm,['//imga5.5054399.com/upload_pic/2025/7/23/4399_17132482435.jpg']
植物大战僵尸3D版,/flash/256363.htm,['//imga4.5054399.com/upload_pic/2025/11/21/4399_14392992785.jpg']
破解语句谜题,/flash/256359.htm,['//imga5.5054399.com/upload_pic/2025/11/21/4399_13530297172.jpg']
波哥跑酷,/flash/252244.htm,['//imga5.5054399.com/upload_pic/2025/11/24/4399_10165099257.jpg']
点燃火种,/flash/252254.htm,['//imga5.5054399.com/upload_pic/2025/11/24/4399_17512943569.jpg']
我变成了妹妹,/flash/256349.htm,['//imga5.5054399.com/upload_pic/2025/11/20/4399_17054402023.jpg']
摸鱼风云,/flash/256288.htm,['//imga4.5054399.com/upload_pic/2025/11/19/4399_14180167421.jpg']
粉碎方块砖,/flash/252314.htm,['//imga5.5054399.com/upload_pic/2025/7/22/4399_17323266917.jpg']
艾列米克斯物语,/flash/252274.htm,['//imga5.5054399.com/upload_pic/2025/7/21/4399_17170604878.jpg']
根本割不完,/flash/256275.htm,['//imga1.5054399.com/upload_pic/2025/11/18/4399_17342139033.jpg']
荒野射击,/flash/256154.htm,['//imga5.5054399.com/upload_pic/2025/11/13/4399_16050895900.jpg']
特种训练营,/flash/252273.htm,['//imga4.5054399.com/upload_pic/2025/7/21/4399_17145244364.jpg']
大卡车吃小汽车8,/flash/226870.htm,['//imga1.5054399.com/upload_pic/2022/4/24/4399_16070343924.jpg']
火柴人计划,/flash/252276.htm,['//imga2.5054399.com/upload_pic/2025/7/21/4399_17304626106.jpg']
美味的烤肉串,/flash/252271.htm,['//imga2.5054399.com/upload_pic/2025/7/21/4399_16575508479.jpg']
非正常脑洞,/flash/256211.htm,['//imga2.5054399.com/upload_pic/2025/11/15/4399_14370745478.jpg']
指尖小小队,/flash/256210.htm,['//imga1.5054399.com/upload_pic/2025/11/15/4399_14005036771.jpg']
狙击外星人,/flash/256190.htm,['//imga1.5054399.com/upload_pic/2025/11/14/4399_15513024906.jpg']
森林求生记,/flash/252242.htm,['//imga3.5054399.com/upload_pic/2025/7/18/4399_17551794787.jpg']
圆球小人跑酷,/flash/252189.htm,['//imga5.5054399.com/upload_pic/2025/7/17/4399_16182782586.jpg']
像素忍者冒险,/flash/252010.htm,['//imga1.5054399.com/upload_pic/2025/11/15/4399_10153515903.jpg']
车手公路赛,/flash/251971.htm,['//imga2.5054399.com/upload_pic/2025/7/9/4399_16263867439.jpg']
圆球情侣6,/flash/252193.htm,['//imga4.5054399.com/upload_pic/2025/7/17/4399_16400022752.jpg']
僵尸怪物幸存者,/flash/252234.htm,['//imga5.5054399.com/upload_pic/2025/11/12/4399_12004377996.jpg']
火柴人战争爬塔版,/flash/256101.htm,['//imga2.5054399.com/upload_pic/2025/11/11/4399_17071259814.jpg']
推理游戏,/flash/256091.htm,['//imga2.5054399.com/upload_pic/2025/11/11/4399_15370162724.jpg']
猫咪迪斯科,/flash/252146.htm,['//imga2.5054399.com/upload_pic/2025/11/12/4399_09571445586.jpg']
我的搬家公司,/flash/252163.htm,['//imga4.5054399.com/upload_pic/2025/7/16/4399_17170862874.jpg']
象棋战争,/flash/252074.htm,['//imga5.5054399.com/upload_pic/2025/7/14/4399_11434328119.jpg']
画线引水,/flash/252105.htm,['//imga1.5054399.com/upload_pic/2025/7/15/4399_11294903226.jpg']
寿司合并,/flash/252001.htm,['//imga2.5054399.com/upload_pic/2025/7/10/4399_11492581463.jpg']
寻找白球,/flash/252003.htm,['//imga4.5054399.com/upload_pic/2025/11/12/4399_11014042540.jpg']
太空人大逃亡2,/flash/256008.htm,['//imga4.5054399.com/upload_pic/2025/11/7/4399_14010480651.jpg']
悬崖赛车,/flash/251902.htm,['//imga3.5054399.com/upload_pic/2025/7/7/4399_16294737461.jpg']
小鼹鼠历险记,/flash/252049.htm,['//imga5.5054399.com/upload_pic/2025/7/11/4399_16025089208.jpg']
变异八爪鱼,/flash/255992.htm,['//imga3.5054399.com/upload_pic/2025/11/6/4399_16475754210.jpg']
摩尔庄园慢生活,/flash/255701.htm,['//imga2.5054399.com/upload_pic/2025/10/25/4399_13534007543.jpg']
孤岛突围,/flash/255952.htm,['//imga3.5054399.com/upload_pic/2025/11/5/4399_16025978410.jpg']
拖拽娃娃,/flash/251965.htm,['//imga1.5054399.com/upload_pic/2025/7/9/4399_15331068534.jpg']
贪吃蛇多人大对决2,/flash/255929.htm,['//imga5.5054399.com/upload_pic/2025/11/4/4399_17042933488.jpg']
工地跑酷大师,/flash/251265.htm,['//imga1.5054399.com/upload_pic/2025/6/11/4399_13561517427.jpg']
荒野幸存者,/flash/252016.htm,['//imga2.5054399.com/upload_pic/2025/7/10/4399_16492571391.jpg']
他防不胜防,/flash/255883.htm,['//imga4.5054399.com/upload_pic/2025/11/3/4399_15421810590.jpg']
深海矿工,/flash/255862.htm,['//imga3.5054399.com/upload_pic/2025/10/31/4399_19191294548.jpg']
超级隧道冲刺,/flash/251118.htm,['//imga4.5054399.com/upload_pic/2025/6/5/4399_10440027536.jpg']
染色小球,/flash/251726.htm,['//imga2.5054399.com/upload_pic/2025/11/3/4399_10334394760.jpg']
光头小子,/flash/251767.htm,['//imga3.5054399.com/upload_pic/2025/7/1/4399_17130278182.jpg']
移动森林,/flash/251897.htm,['//imga3.5054399.com/upload_pic/2025/7/7/4399_15450488646.jpg']
我不是怪物,/flash/251871.htm,['//imga2.5054399.com/upload_pic/2025/7/4/4399_16423716135.jpg']
双人荒野探险,/flash/255810.htm,['//imga1.5054399.com/upload_pic/2025/10/30/4399_15261349430.jpg']
超级枪支无敌版,/flash/255804.htm,['//imga5.5054399.com/upload_pic/2025/10/30/4399_14543531784.jpg']
粉末方块,/flash/255753.htm,['//imga4.5054399.com/upload_pic/2025/10/28/4399_16464227135.jpg']
日月交汇,/flash/251785.htm,['//imga1.5054399.com/upload_pic/2025/7/2/4399_15051181434.jpg']
危险的飞行,/flash/251765.htm,['//imga1.5054399.com/upload_pic/2025/7/1/4399_17003875273.jpg']
荒野英雄,/flash/251754.htm,['//imga5.5054399.com/upload_pic/2025/7/1/4399_15402446876.jpg']
鲍勃爱泡澡,/flash/251732.htm,['//imga3.5054399.com/upload_pic/2025/6/30/4399_17081160817.jpg']
绳索保龄球5,/flash/251746.htm,['//imga2.5054399.com/upload_pic/2025/7/1/4399_14220350935.jpg']
弹射英雄,/flash/251733.htm,['//imga4.5054399.com/upload_pic/2025/6/30/4399_17143153580.jpg']
弹球小子,/flash/251650.htm,['//imga1.5054399.com/upload_pic/2025/6/26/4399_14122206101.jpg']
拼图大闯关,/flash/255697.htm,['//imga3.5054399.com/upload_pic/2025/10/24/4399_17425822805.jpg']
地牢无限,/flash/255676.htm,['//imga2.5054399.com/upload_pic/2025/10/24/4399_15554796847.jpg']
立方体农场,/flash/251658.htm,['//imga4.5054399.com/upload_pic/2025/6/26/4399_15534279799.jpg']
坦克大轰炸,/flash/251638.htm,['//imga4.5054399.com/upload_pic/2025/6/25/4399_17183265270.jpg']
轨道循环,/flash/251606.htm,['//imga2.5054399.com/upload_pic/2025/6/24/4399_16395682287.jpg']
神秘的太空站,/flash/251469.htm,['//imga5.5054399.com/upload_pic/2025/6/18/4399_17293193596.jpg']
脑洞无极限,/flash/255649.htm,['//imga5.5054399.com/upload_pic/2025/10/23/4399_16494130154.jpg']
水豚背包：僵尸整理计划,/flash/255594.htm,['//imga5.5054399.com/upload_pic/2025/10/22/4399_14251720601.jpg']
冰火娃平行世界,/flash/255590.htm,['//imga1.5054399.com/upload_pic/2025/10/22/4399_11433901683.jpg']
侠客行不行,/flash/255583.htm,['//imga4.5054399.com/upload_pic/2025/10/21/4399_19094627545.jpg']
拳击手影子战,/flash/251397.htm,['//imga3.5054399.com/upload_pic/2025/6/16/4399_17275863928.jpg']
洞穴矿工冒险,/flash/251419.htm,['//imga5.5054399.com/upload_pic/2025/6/17/4399_16264638851.jpg']
崔斯特瑞姆,/flash/255557.htm,['//imga3.5054399.com/upload_pic/2025/10/21/4399_13581936621.jpg']
小小战士冒险,/flash/251429.htm,['//imga5.5054399.com/upload_pic/2025/6/17/4399_17181384968.jpg']
几何霓虹冲刺5,/flash/250697.htm,['//imga3.5054399.com/upload_pic/2025/5/19/4399_14061256867.jpg']
伐木机模拟器,/flash/251580.htm,['//imga1.5054399.com/upload_pic/2025/6/23/4399_17400914023.jpg']
被感染的区域,/flash/251572.htm,['//imga3.5054399.com/upload_pic/2025/6/23/4399_17045921067.jpg']
编程机器人,/flash/251386.htm,['//imga2.5054399.com/upload_pic/2025/6/16/4399_16261787767.jpg']
前往月球,/flash/251408.htm,['//imga4.5054399.com/upload_pic/2025/6/17/4399_15090109763.jpg']
数据分析员无敌版,/flash/255401.htm,['//imga2.5054399.com/upload_pic/2025/10/14/4399_15254418390.jpg']
2D坦克大战,/flash/251405.htm,['//imga1.5054399.com/upload_pic/2025/6/17/4399_11572981950.jpg']
方块人拳击手,/flash/251366.htm,['//imga2.5054399.com/upload_pic/2025/6/13/4399_17485936087.jpg']
像素勇士反击战,/flash/251249.htm,['//imga5.5054399.com/upload_pic/2025/6/10/4399_17261461754.jpg']
我的枪法贼溜,/flash/255381.htm,['//imga2.5054399.com/upload_pic/2025/10/13/4399_16470843593.jpg']
矿工奋斗史,/flash/251371.htm,['//imga2.5054399.com/upload_pic/2025/6/16/4399_11535650796.jpg']
气泡实验室,/flash/251346.htm,['//imga2.5054399.com/upload_pic/2025/6/13/4399_16111797169.jpg']
枪战小队,/flash/255326.htm,['//imga2.5054399.com/upload_pic/2025/10/11/4399_11442826591.jpg']
大脚车障碍挑战,/flash/251073.htm,['//imga4.5054399.com/upload_pic/2025/6/3/4399_17332603182.jpg']
异形VS铁血战士,/flash/251244.htm,['//imga5.5054399.com/upload_pic/2025/6/10/4399_15583401946.jpg']
像素皇城战,/flash/251218.htm,['//imga4.5054399.com/upload_pic/2025/6/9/4399_17361502541.jpg']
送报男孩,/flash/251245.htm,['//imga1.5054399.com/upload_pic/2025/6/10/4399_16125121280.jpg']
山海经打僵尸,/flash/255283.htm,['//imga4.5054399.com/upload_pic/2025/10/10/4399_14390225466.jpg']
宝藏岛,/flash/251212.htm,['//imga3.5054399.com/upload_pic/2025/6/9/4399_16264704094.jpg']
机器竞技场,/flash/251202.htm,['//imga3.5054399.com/upload_pic/2025/6/9/4399_15004957089.jpg']
爆炸泡泡冒险,/flash/251120.htm,['//imga1.5054399.com/upload_pic/2025/6/5/4399_11592076234.jpg']
史莱姆神奇冒险,/flash/251111.htm,['//imga2.5054399.com/upload_pic/2025/6/4/4399_17312504832.jpg']
寻找物品,/flash/251177.htm,['//imga3.5054399.com/upload_pic/2025/11/12/4399_11234727784.jpg']
赛博朋克赛车2,/flash/250693.htm,['//imga4.5054399.com/upload_pic/2025/5/19/4399_11194914504.jpg']
无敌小小队,/flash/255218.htm,['//imga4.5054399.com/upload_pic/2025/9/30/4399_14561070808.jpg']
双人恐怖古堡,/flash/255198.htm,['//imga4.5054399.com/upload_pic/2025/9/29/4399_17120313579.jpg']
战区前线,/flash/255167.htm,['//imga3.5054399.com/upload_pic/2025/9/28/4399_15511411693.jpg']
比不过我吧,/flash/255137.htm,['//imga3.5054399.com/upload_pic/2025/9/26/4399_16101802229.jpg']
打开100扇门2,/flash/251191.htm,['//imga2.5054399.com/upload_pic/2025/6/9/4399_13530159386.jpg']
斗虫公园,/flash/251185.htm,['//imga1.5054399.com/upload_pic/2025/6/7/4399_15122281678.jpg']
流浪啊星球,/flash/255104.htm,['//imga5.5054399.com/upload_pic/2025/9/25/4399_17065607490.jpg']
焦点转移,/flash/255140.htm,['//imga1.5054399.com/upload_pic/2025/9/26/4399_16282439175.jpg']
合成战士对决,/flash/251180.htm,['//imga1.5054399.com/upload_pic/2025/6/6/4399_18042076124.jpg']
超级障碍赛,/flash/250622.htm,['//imga3.5054399.com/upload_pic/2025/5/15/4399_13433822044.jpg']
僵尸防御阵地,/flash/251134.htm,['//imga5.5054399.com/upload_pic/2025/6/5/4399_15585372820.jpg']
魔法少女换装,/flash/255055.htm,['//imga1.5054399.com/upload_pic/2025/9/24/4399_11365782718.jpg']
海盗船长大海战,/flash/251076.htm,['//imga2.5054399.com/upload_pic/2025/6/3/4399_17532738072.jpg']
地牢双人冒险,/flash/251115.htm,['//imga1.5054399.com/upload_pic/2025/6/4/4399_17510327571.jpg']
校园摸金,/flash/255038.htm,['//imga4.5054399.com/upload_pic/2025/9/23/4399_16370801424.jpg']
士兵迎战怪物,/flash/251039.htm,['//imga5.5054399.com/upload_pic/2025/5/30/4399_16563687092.jpg']
神秘的箱子,/flash/251029.htm,['//imga5.5054399.com/upload_pic/2025/5/30/4399_15551174102.jpg']
史莱姆世界冒险,/flash/251017.htm,['//imga3.5054399.com/upload_pic/2025/5/30/4399_11394763718.jpg']
奶牛城堡,/flash/251023.htm,['//imga4.5054399.com/upload_pic/2025/5/30/4399_15033250554.jpg']
绝望冬日,/flash/255010.htm,['//imga1.5054399.com/upload_pic/2025/9/22/4399_15563891727.jpg']
镖局模拟器,/flash/255003.htm,['//imga4.5054399.com/upload_pic/2025/9/22/4399_14185814650.jpg']
功夫足球,/flash/250987.htm,['//imga3.5054399.com/upload_pic/2025/5/29/4399_14183458376.jpg']
突击队夺宝,/flash/250997.htm,['//imga3.5054399.com/upload_pic/2025/5/29/4399_16202714701.jpg']
猫咪旅馆,/flash/250970.htm,['//imga1.5054399.com/upload_pic/2025/5/28/4399_17020767125.jpg']
一起挪挪乐,/flash/254981.htm,['//imga2.5054399.com/upload_pic/2025/9/19/4399_16563446891.jpg']
古怪赛车,/flash/250437.htm,['//imga3.5054399.com/upload_pic/2025/5/7/4399_15253908298.jpg']
桥梁建设师,/flash/250982.htm,['//imga3.5054399.com/upload_pic/2025/5/29/4399_11104940046.jpg']
射击不能停,/flash/254963.htm,['//imga4.5054399.com/upload_pic/2025/9/19/4399_14125221747.jpg']
光球迷宫,/flash/250895.htm,['//imga1.5054399.com/upload_pic/2025/9/20/4399_10171156870.jpg']
飞碟农场,/flash/250924.htm,['//imga5.5054399.com/upload_pic/2025/5/27/4399_14263866111.jpg']
烹饪美食节,/flash/250884.htm,['//imga5.5054399.com/upload_pic/2025/5/26/4399_11515229841.jpg']
超级越野跑酷,/flash/250298.htm,['//imga4.5054399.com/upload_pic/2025/4/27/4399_16573301591.jpg']
小小御剑士,/flash/254903.htm,['//imga4.5054399.com/upload_pic/2025/9/17/4399_14284523830.jpg']
悟空冒险记,/flash/254868.htm,['//imga4.5054399.com/upload_pic/2025/9/16/4399_16044541419.jpg']
机器人擂台格斗,/flash/250872.htm,['//imga3.5054399.com/upload_pic/2025/5/23/4399_17460964063.jpg']
僵尸生存围攻,/flash/250865.htm,['//imga1.5054399.com/upload_pic/2025/5/23/4399_17111278394.jpg']
三国战纪,/flash/250873.htm,['//imga4.5054399.com/upload_pic/2025/5/23/4399_17402411523.jpg']
数字木块,/flash/250829.htm,['//imga5.5054399.com/upload_pic/2025/5/22/4399_17465895175.jpg']
墓园守卫者,/flash/250826.htm,['//imga2.5054399.com/upload_pic/2025/5/22/4399_17104668637.jpg']
驾校模拟器,/flash/250129.htm,['//imga5.5054399.com/upload_pic/2025/4/22/4399_13463534034.jpg']
盗贼大师,/flash/250810.htm,['//imga1.5054399.com/upload_pic/2025/5/22/4399_15305189976.jpg']
推动猫咪,/flash/250815.htm,['//imga1.5054399.com/upload_pic/2025/5/22/4399_16005039629.jpg']
我合成了顶级大宝贝,/flash/254811.htm,['//imga2.5054399.com/upload_pic/2025/9/12/4399_17143862717.jpg']
公主的困境,/flash/250814.htm,['//imga5.5054399.com/upload_pic/2025/5/22/4399_15561298822.jpg']
迷你守护者,/flash/254779.htm,['//imga5.5054399.com/upload_pic/2025/9/11/4399_17182986007.jpg']
闹事的醉汉,/flash/250794.htm,['//imga5.5054399.com/upload_pic/2025/5/21/4399_17263044258.jpg']
生存小队,/flash/250788.htm,['//imga4.5054399.com/upload_pic/2025/5/21/4399_16574982330.jpg']
异虫女王中文无敌版,/flash/254680.htm,['//imga1.5054399.com/upload_pic/2025/9/9/4399_14484719741.jpg']
纸祭,/flash/254673.htm,['//imga4.5054399.com/upload_pic/2025/9/8/4399_15554147269.jpg']
巨石阵,/flash/250784.htm,['//imga5.5054399.com/upload_pic/2025/5/21/4399_16222312429.jpg']
